Position,Company,Location,URL
Senior Network Security Engineer,Fanatics,ğŸ‡ºğŸ‡¸ United States, https://remoteok.com/remote-jobs/remote-senior-network-security-engineer-fanatics-513599
Quality Assurance Engineer,Kibeam, Inc.,ğŸ‡ºğŸ‡¸ United States, https://remoteok.com/remote-jobs/remote-quality-assurance-engineer-kibeam-inc-522947
Senior Data Analyst,Tala,Nairobi, https://remoteok.com/remote-jobs/remote-senior-data-analyst-tala-522157
Senior Data Engineer,OpenTable,ğŸ‡¨ğŸ‡¦ Canada, https://remoteok.com/remote-jobs/remote-senior-data-engineer-opentable-511636
Data Scientist,Madison Logic, Inc.,ğŸ‡ºğŸ‡¸ United States, https://remoteok.com/remote-jobs/remote-data-scientist-madison-logic-inc-521892
Embedded Software Engineer Embedded Linux,Zoox,Foster City, CA, https://remoteok.com/remote-jobs/remote-embedded-software-engineer-embedded-linux-zoox-511178
Senior Software Engineer Web Applications,Yard Stick PBC,Oakland, CA, https://remoteok.com/remote-jobs/remote-senior-software-engineer-web-applications-yard-stick-pbc-521246
IT OT Network Engineer,Fluence,ğŸ‡®ğŸ‡³ India, https://remoteok.com/remote-jobs/remote-it-ot-network-engineer-fluence-510637
Controls Engineer,Fluence,ğŸ‡®ğŸ‡³ India, https://remoteok.com/remote-jobs/remote-controls-engineer-fluence-510636
Lead Software Test Automation,Plotly,ğŸŒ Probably worldwide, https://remoteok.com/remote-jobs/remote-lead-software-test-automation-plotly-520818
Senior Unreal Engine Developer,Proxify,ğŸŒ Worldwide, https://remoteok.com/remote-jobs/remote-senior-unreal-engine-developer-proxify-382258
Data Engineer,Flywheel,ğŸŒ Probably worldwide, https://remoteok.com/remote-jobs/remote-data-engineer-flywheel-512291
Data Scientist,Phantom,Worldwide, https://remoteok.com/remote-jobs/remote-data-scientist-phantom-504970
Senior Fullstack Engineer,Cryptoticker,Worldwide, https://remoteok.com/remote-jobs/remote-senior-fullstack-engineer-cryptoticker-502061
Cloud DevOps Engineer and Admin,Two Six Technologies,ğŸ‡ºğŸ‡¸ United States, https://remoteok.com/remote-jobs/remote-cloud-devops-engineer-and-admin-two-six-technologies-499650
Senior Data Analyst,Super.com,ğŸ‡ºğŸ‡¸ United States, https://remoteok.com/remote-jobs/remote-senior-data-analyst-super-com-495395
Senior Data Analyst,Super.com,Austin, https://remoteok.com/remote-jobs/remote-senior-data-analyst-super-com-495376
Engineering Manager,Knowde,ğŸŒ Probably worldwide, https://remoteok.com/remote-jobs/remote-engineering-manager-knowde-493483
Senior Systems Engineer Perception,Latitude AI,ğŸ‡ºğŸ‡¸ United States, https://remoteok.com/remote-jobs/remote-senior-systems-engineer-perception-latitude-ai-492683
Data Analyst,Octopus Energy,ğŸ‡¬ğŸ‡§ United Kingdom, https://remoteok.com/remote-jobs/remote-data-analyst-octopus-energy-492411
Senior Open Source Developer & DevOps (Python  Django  React  AWS/OpenStack),OpenCraft,Anywhere in the World, https://weworkremotely.com/remote-jobs/opencraft-senior-open-source-developer-devops-python-django-react-aws-openstack
Tech Lead (GCP/Python/Microservices),Reply Pro,Anywhere in the World, https://weworkremotely.com/remote-jobs/reply-pro-tech-lead-gcp-python-microservices
